<?xml version="1.0" encoding="utf-8"?>
<manifest>
  <control namespace="oss" constructor="PowerKanban" version="0.9.232" display-name-key="PowerKanban" description-key="Advanced Kanban for D365 datasets" control-type="standard">
    <!-- dataset node represents a set of entity records on CDS; allow more than one datasets -->
    <data-set name="primaryDataSet" display-name-key="Primary Data Set" cds-data-set-options="displayCommandBar:true;displayViewSelector:true;displayQuickFind:false">
    </data-set>
    <property name="configName" display-name-key="configName" description-key="Unique name of the powerkanban config to use by default. Opens the config selector on load if not passed" of-type="SingleLine.Text" usage="input" required="false" />
    <resources>
      <code path="index.ts" order="1"/>
    </resources>
    <feature-usage>
      <uses-feature name="WebAPI" required="true" />
      <uses-feature name="Utility" required="true" />
    </feature-usage>
    <!--   
    <feature-usage>
      <uses-feature name="Device.captureAudio" required="true" />
      <uses-feature name="Device.captureImage" required="true" />
      <uses-feature name="Device.captureVideo" required="true" />
      <uses-feature name="Device.getBarcodeValue" required="true" />
      <uses-feature name="Device.getCurrentPosition" required="true" />
      <uses-feature name="Device.pickFile" required="true" />
      <uses-feature name="Utility" required="true" />
      <uses-feature name="WebAPI" required="true" />
    </feature-usage> -->
  </control>
</manifest>